gender,SeniorCitizen,Partner,Dependents,tenure,PhoneService,MultipleLines,InternetService,OnlineSecurity,OnlineBackup,DeviceProtection,TechSupport,StreamingTV,StreamingMovies,Contract,PaperlessBilling,PaymentMethod,MonthlyCharges,TotalCharges
1,0,1,0,0.8333333333333334,1,1,0,0,1,1,0,0,0,2,0,0,0.24407252440725258,0.8729317545065285
1,0,0,0,0.21212121212121215,0,0,0,0,0,1,0,1,1,1,0,1,0.0,0.15901041391341122
0,0,0,0,1.0,1,0,0,1,1,0,1,0,0,1,0,0,0.27196652719665293,1.0
1,0,0,0,0.0,1,1,1,0,0,0,0,0,1,0,1,1,1.0000000000000002,0.0
0,0,1,1,0.09090909090909091,1,0,1,0,0,0,0,0,0,0,1,1,0.5090655509065551,0.1110905534704234
